model,attack,leaked,total,leakage_rate
GPT-5.2,Hand-Crafted,3,140,0.02142857142857143
GPT-5.2,WhimsyGen,34,140,0.24285714285714285
GPT-4.1,Hand-Crafted,10,140,0.07142857142857142
GPT-4.1,WhimsyGen,77,140,0.55
