{
  "baselines": {
    "gpt4.1": {
      "leakage": 0.0,
      "doc": 0.7407407407407407,
      "impact": 0.2592592592592593
    },
    "gpt5.1-none": {
      "leakage": 0.0,
      "doc": 0.7333333333333333,
      "impact": 0.2666666666666667
    },
    "gpt5.2-medium": {
      "leakage": 0.0,
      "doc": 0.6666666666666666,
      "impact": 0.33333333333333337
    }
  },
  "strategies": [
    {
      "index": 5,
      "avg_leakage": 0.0,
      "avg_doc": 0.0,
      "avg_impact": 1.0,
      "avg_delta": 0.7135802469135801,
      "by_model": {
        "gpt4.1": {
          "leakage": 0.0,
          "doc": 0.0,
          "impact": 1.0,
          "delta": 0.7407407407407407
        },
        "gpt5.1-none": {
          "leakage": 0.0,
          "doc": 0.0,
          "impact": 1.0,
          "delta": 0.7333333333333333
        },
        "gpt5.2-medium": {
          "leakage": 0.0,
          "doc": 0.0,
          "impact": 1.0,
          "delta": 0.6666666666666666
        }
      }
    },
    {
      "index": 11,
      "avg_leakage": 0.0,
      "avg_doc": 0.0,
      "avg_impact": 1.0,
      "avg_delta": 0.7135802469135801,
      "by_model": {
        "gpt4.1": {
          "leakage": 0.0,
          "doc": 0.0,
          "impact": 1.0,
          "delta": 0.7407407407407407
        },
        "gpt5.1-none": {
          "leakage": 0.0,
          "doc": 0.0,
          "impact": 1.0,
          "delta": 0.7333333333333333
        },
        "gpt5.2-medium": {
          "leakage": 0.0,
          "doc": 0.0,
          "impact": 1.0,
          "delta": 0.6666666666666666
        }
      }
    },
    {
      "index": 13,
      "avg_leakage": 0.0,
      "avg_doc": 0.0,
      "avg_impact": 1.0,
      "avg_delta": 0.7135802469135801,
      "by_model": {
        "gpt4.1": {
          "leakage": 0.0,
          "doc": 0.0,
          "impact": 1.0,
          "delta": 0.7407407407407407
        },
        "gpt5.1-none": {
          "leakage": 0.0,
          "doc": 0.0,
          "impact": 1.0,
          "delta": 0.7333333333333333
        },
        "gpt5.2-medium": {
          "leakage": 0.0,
          "doc": 0.0,
          "impact": 1.0,
          "delta": 0.6666666666666666
        }
      }
    },
    {
      "index": 15,
      "avg_leakage": 0.0,
      "avg_doc": 0.0,
      "avg_impact": 1.0,
      "avg_delta": 0.7135802469135801,
      "by_model": {
        "gpt4.1": {
          "leakage": 0.0,
          "doc": 0.0,
          "impact": 1.0,
          "delta": 0.7407407407407407
        },
        "gpt5.1-none": {
          "leakage": 0.0,
          "doc": 0.0,
          "impact": 1.0,
          "delta": 0.7333333333333333
        },
        "gpt5.2-medium": {
          "leakage": 0.0,
          "doc": 0.0,
          "impact": 1.0,
          "delta": 0.6666666666666666
        }
      }
    },
    {
      "index": 0,
      "avg_leakage": 0.0,
      "avg_doc": 0.16666666666666666,
      "avg_impact": 0.8333333333333334,
      "avg_delta": 0.5469135802469135,
      "by_model": {
        "gpt4.1": {
          "leakage": 0.0,
          "doc": 0.5,
          "impact": 0.5,
          "delta": 0.2407407407407407
        },
        "gpt5.1-none": {
          "leakage": 0.0,
          "doc": 0.0,
          "impact": 1.0,
          "delta": 0.7333333333333333
        },
        "gpt5.2-medium": {
          "leakage": 0.0,
          "doc": 0.0,
          "impact": 1.0,
          "delta": 0.6666666666666666
        }
      }
    },
    {
      "index": 10,
      "avg_leakage": 0.05555555555555555,
      "avg_doc": 0.3333333333333333,
      "avg_impact": 0.7222222222222223,
      "avg_delta": 0.43580246913580245,
      "by_model": {
        "gpt4.1": {
          "leakage": 0.16666666666666666,
          "doc": 0.0,
          "impact": 1.1666666666666667,
          "delta": 0.9074074074074074
        },
        "gpt5.1-none": {
          "leakage": 0.0,
          "doc": 0.0,
          "impact": 1.0,
          "delta": 0.7333333333333333
        },
        "gpt5.2-medium": {
          "leakage": 0.0,
          "doc": 1.0,
          "impact": 0.0,
          "delta": -0.33333333333333337
        }
      }
    },
    {
      "index": 1,
      "avg_leakage": 0.0,
      "avg_doc": 0.3333333333333333,
      "avg_impact": 0.6666666666666666,
      "avg_delta": 0.38024691358024687,
      "by_model": {
        "gpt4.1": {
          "leakage": 0.0,
          "doc": 1.0,
          "impact": 0.0,
          "delta": -0.2592592592592593
        },
        "gpt5.1-none": {
          "leakage": 0.0,
          "doc": 0.0,
          "impact": 1.0,
          "delta": 0.7333333333333333
        },
        "gpt5.2-medium": {
          "leakage": 0.0,
          "doc": 0.0,
          "impact": 1.0,
          "delta": 0.6666666666666666
        }
      }
    },
    {
      "index": 4,
      "avg_leakage": 0.0,
      "avg_doc": 0.3333333333333333,
      "avg_impact": 0.6666666666666666,
      "avg_delta": 0.38024691358024687,
      "by_model": {
        "gpt4.1": {
          "leakage": 0.0,
          "doc": 1.0,
          "impact": 0.0,
          "delta": -0.2592592592592593
        },
        "gpt5.1-none": {
          "leakage": 0.0,
          "doc": 0.0,
          "impact": 1.0,
          "delta": 0.7333333333333333
        },
        "gpt5.2-medium": {
          "leakage": 0.0,
          "doc": 0.0,
          "impact": 1.0,
          "delta": 0.6666666666666666
        }
      }
    },
    {
      "index": 7,
      "avg_leakage": 0.0,
      "avg_doc": 0.3333333333333333,
      "avg_impact": 0.6666666666666666,
      "avg_delta": 0.38024691358024687,
      "by_model": {
        "gpt4.1": {
          "leakage": 0.0,
          "doc": 0.0,
          "impact": 1.0,
          "delta": 0.7407407407407407
        },
        "gpt5.1-none": {
          "leakage": 0.0,
          "doc": 1.0,
          "impact": 0.0,
          "delta": -0.2666666666666667
        },
        "gpt5.2-medium": {
          "leakage": 0.0,
          "doc": 0.0,
          "impact": 1.0,
          "delta": 0.6666666666666666
        }
      }
    },
    {
      "index": 12,
      "avg_leakage": 0.0,
      "avg_doc": 0.3333333333333333,
      "avg_impact": 0.6666666666666666,
      "avg_delta": 0.38024691358024687,
      "by_model": {
        "gpt4.1": {
          "leakage": 0.0,
          "doc": 1.0,
          "impact": 0.0,
          "delta": -0.2592592592592593
        },
        "gpt5.1-none": {
          "leakage": 0.0,
          "doc": 0.0,
          "impact": 1.0,
          "delta": 0.7333333333333333
        },
        "gpt5.2-medium": {
          "leakage": 0.0,
          "doc": 0.0,
          "impact": 1.0,
          "delta": 0.6666666666666666
        }
      }
    },
    {
      "index": 16,
      "avg_leakage": 0.0,
      "avg_doc": 0.3333333333333333,
      "avg_impact": 0.6666666666666666,
      "avg_delta": 0.38024691358024687,
      "by_model": {
        "gpt4.1": {
          "leakage": 0.0,
          "doc": 0.0,
          "impact": 1.0,
          "delta": 0.7407407407407407
        },
        "gpt5.1-none": {
          "leakage": 0.0,
          "doc": 1.0,
          "impact": 0.0,
          "delta": -0.2666666666666667
        },
        "gpt5.2-medium": {
          "leakage": 0.0,
          "doc": 0.0,
          "impact": 1.0,
          "delta": 0.6666666666666666
        }
      }
    },
    {
      "index": 18,
      "avg_leakage": 0.0,
      "avg_doc": 0.3333333333333333,
      "avg_impact": 0.6666666666666666,
      "avg_delta": 0.38024691358024687,
      "by_model": {
        "gpt4.1": {
          "leakage": 0.0,
          "doc": 1.0,
          "impact": 0.0,
          "delta": -0.2592592592592593
        },
        "gpt5.1-none": {
          "leakage": 0.0,
          "doc": 0.0,
          "impact": 1.0,
          "delta": 0.7333333333333333
        },
        "gpt5.2-medium": {
          "leakage": 0.0,
          "doc": 0.0,
          "impact": 1.0,